entity,dateOfBirth,nationality,almaMater,awards,workPlaces
Harold Marshall (acoustician),"['15 September 1931', '1981']","['Auckland New Zealand', 'Paris']","['KNZM', 'FNZIA', 'FASA', 'the University of Auckland School of Architecture', 'Marshall Day Acoustics Ltd', 'Marshall Day Acoustics', 'the Guangzhou Opera House']",[],"['KNZM', 'FNZIA', 'FASA', 'the University of Auckland School of Architecture', 'Marshall Day Acoustics Ltd', 'Marshall Day Acoustics', 'the Guangzhou Opera House']"
Ziauddin Ahmad,"['13 February 1878', '23 December 1947', '1917']",['India'],"['the Aligarh Movement', 'MAO College', 'Aligarh Muslim University', 'Aligarh Muslim University', 'the Calcutta University Commission', 'the Sadler Commission', 'Skeen Committee', 'Indian Sandhurst Committee', 'Shea Commission']",[],"['the Aligarh Movement', 'MAO College', 'Aligarh Muslim University', 'Aligarh Muslim University', 'the Calcutta University Commission', 'the Sadler Commission', 'Skeen Committee', 'Indian Sandhurst Committee', 'Shea Commission']"
Heinz König,"['25 December 1927', '21 November 2002', '1962 to 1996', 'between 1979 and 1982']",['Zentrum'],"['the University of Mannheim', 'the University of Mannheim']",[],"['the University of Mannheim', 'the University of Mannheim']"
Izaak Kolthoff,"['February 11, 1894 – March 4, 1993', '1927', 'more than 60 years']","['U.S.', 'Netherlands', 'the United States']","['Piet) Kolthoff', 'Kolthoff', 'Kolthoff', 'the University of Utrecht', 'the University of Minnesota']",[],"['Piet) Kolthoff', 'Kolthoff', 'Kolthoff', 'the University of Utrecht', 'the University of Minnesota']"
Murray Batchelor,['27 August 1961'],['Australia'],"['Chongqing University', 'the Australian National University', 'the Department of Theoretical Physics', 'the Research School of Physics and Engineering', 'the Mathematical Sciences Institute', 'the Pilbara Craton', 'Hamelin Pool Marine Nature Reserve']",[],"['Chongqing University', 'the Australian National University', 'the Department of Theoretical Physics', 'the Research School of Physics and Engineering', 'the Mathematical Sciences Institute', 'the Pilbara Craton', 'Hamelin Pool Marine Nature Reserve']"
Leon M. Lederman,"['July 15, 1922', '1982', '1988', '1986', '2012', '2012']","['Batavia', 'Illinois', 'USA', 'Aurora', 'Illinois']","['Fermi National Accelerator Laboratory', 'Fermilab', 'the Illinois Mathematics and Science Academy']","['Wolf Prize', 'Nobel Prize', 'Vannevar Bush Award']","['Fermi National Accelerator Laboratory', 'Fermilab', 'the Illinois Mathematics and Science Academy']"
Peter Balazs (mathematician),"['11 December 1970', '2001', 'June 2005', '1999', 'November 2003 to April 2004', 'March', 'May', 'June 2006', 'August 2005', '2012']","['Tulln', 'Vienna']","['the Acoustics Research Institute', 'the Austrian Academy of Sciences', 'the University of Vienna', 'M.Sc', 'Polynome', 'Gruppen', 'the Acoustics Research Institute', 'NuHaG (Numerical Harmonic Analysis Group', 'Faculty of Mathematics, University of Vienna', 'Harmonic Analysis and Statistics for', 'Signal and Image Processing', 'EU', 'CMI', 'LMA', 'CNRS Marseille', 'UCL', 'Louvain-La-Neuve', 'Frames and Linear Operators for Acoustical Modeling and Parameter Estimation', 'Start-Preis', 'the Acoustics Research Institute']",[],"['the Acoustics Research Institute', 'the Austrian Academy of Sciences', 'the University of Vienna', 'M.Sc', 'Polynome', 'Gruppen', 'the Acoustics Research Institute', 'NuHaG (Numerical Harmonic Analysis Group', 'Faculty of Mathematics, University of Vienna', 'Harmonic Analysis and Statistics for', 'Signal and Image Processing', 'EU', 'CMI', 'LMA', 'CNRS Marseille', 'UCL', 'Louvain-La-Neuve', 'Frames and Linear Operators for Acoustical Modeling and Parameter Estimation', 'Start-Preis', 'the Acoustics Research Institute']"
Lorenz Studer,"['March 6, 1966', '2015']","['New York City', 'New York City', 'NY']","['the Center for Stem Cell Biology', 'Memorial-Sloan Kettering Cancer Center', 'the Developmental Biology Program', 'Department of Neurosurgery', 'Weill Cornell Medical College', 'the MacArthur Fellowship']",['MacArthur Fellowship'],"['the Center for Stem Cell Biology', 'Memorial-Sloan Kettering Cancer Center', 'the Developmental Biology Program', 'Department of Neurosurgery', 'Weill Cornell Medical College', 'the MacArthur Fellowship']"
Basil Briggs,"['1923', '8 February 1994', '1992', '1952', '1942 to 1946', '1946 to 1961', '56', '831, 1994', 'Over many years', '1961', '1962', 'a few years later', '25 years']","['Australia', 'Bradford', 'England', 'Malvern', 'Worcestershire']","['the University of Adelaide', 'the University of Cambridge', 'B.A. 1942', 'Telecommunications Research Establishment', 'the Radio Research Group', 'Cavendish Laboratory', 'Journal of Atmospheric and Terrestrial Physics', 'The Cavendish Radio Group', 'Senior Lecturer in Physics', 'University of Adelaide', 'the Journal of Atmospheric and Terrestrial Physics']",['Massey Medal'],"['the University of Adelaide', 'the University of Cambridge', 'B.A. 1942', 'Telecommunications Research Establishment', 'the Radio Research Group', 'Cavendish Laboratory', 'Journal of Atmospheric and Terrestrial Physics', 'The Cavendish Radio Group', 'Senior Lecturer in Physics', 'University of Adelaide', 'the Journal of Atmospheric and Terrestrial Physics']"
M. M. S. Ahuja,"['1929 – 12 July 1998', '1929', '1952', '1956', '1958', '1969', '1982', '1989', '1988-1989', '1972', '12 July 1998']","['Multan', 'London', 'London', 'India', 'India', 'India', 'New Delhi']","['Madras Medical College', 'Hammersmith Hospital', 'All India Institute of Medical Sciences', 'Registrar', 'the Department of Medicine', 'the Department of Endocrinology', 'Research Society', 'International Journal of Diabetes in Developing Countries']",[],"['Madras Medical College', 'Hammersmith Hospital', 'All India Institute of Medical Sciences', 'Registrar', 'the Department of Medicine', 'the Department of Endocrinology', 'Research Society', 'International Journal of Diabetes in Developing Countries']"
Sheldon Weinbaum,"['July 26, 1937', '2009', 'annual']","['Brooklyn', 'New York', 'United States', 'U.S.', 'New York City', 'New York State', 'New York City']","['biofluid', 'Biomedical and Mechanical Engineering', 'The City College of New York', 'National Academy of Science', 'National Academy of Engineering', 'National Academy of Medicine', 'the American Academy of Arts and Sciences', 'the New York Center for Biomedical Engineering', 'BME', 'The City College', 'CUNY', 'SUNY', 'the Public Service Award of the Fund for the City of New York', 'the Biomedical Engineering Society', 'the Selection Committee']",['Public Service Award'],"['biofluid', 'Biomedical and Mechanical Engineering', 'The City College of New York', 'National Academy of Science', 'National Academy of Engineering', 'National Academy of Medicine', 'the American Academy of Arts and Sciences', 'the New York Center for Biomedical Engineering', 'BME', 'The City College', 'CUNY', 'SUNY', 'the Public Service Award of the Fund for the City of New York', 'the Biomedical Engineering Society', 'the Selection Committee']"
Jerome Bruner,"['October 1, 1915 – June 5, 2016', '1937', '1941', '2002', 'the 28th', 'the 20th century']",[],"['the New York University School of Law', 'B.A.', 'Duke University', 'Harvard University', 'Bruner']",[],"['the New York University School of Law', 'B.A.', 'Duke University', 'Harvard University', 'Bruner']"
Earl Babbie,"['January 8, 1938', '1975']",[],"['Campbell', 'Behavioral Sciences', 'Chapman University']",[],"['Campbell', 'Behavioral Sciences', 'Chapman University']"
Udai Bhan Tewari,[],[],"['IITK', 'Group']",['Swaroop Bhatnagar Award'],"['IITK', 'Group']"
Henk Wesseling,"['1937', 'between 1995 and 2002', '1988']","['The Hague', 'the Netherlands']","['Contemporary History', 'Leiden University', 'the Netherlands Institute for Advanced Study', 'the Royal Netherlands Academy of Arts and Sciences']",[],"['Contemporary History', 'Leiden University', 'the Netherlands Institute for Advanced Study', 'the Royal Netherlands Academy of Arts and Sciences']"
Allen Shenstone,"['July 27, 1893 – February 16, 1980']",[],"['Allen Goodrich Shenstone', 'OBE, MC (', 'Princeton University', 'the University of Cambridge', 'the University of Toronto', 'Princeton', 'the Department of Physics', 'the Military Cross', 'the Royal Engineers']",[],"['Allen Goodrich Shenstone', 'OBE, MC (', 'Princeton University', 'the University of Cambridge', 'the University of Toronto', 'Princeton', 'the Department of Physics', 'the Military Cross', 'the Royal Engineers']"
Philip Maini,"['16 October 1959', '1998']","['Magherafelt', 'Northern Ireland']","['the Professor of Mathematical Biology', 'the University of Oxford', 'the Centre for Mathematical Biology', 'the Mathematical Institute']",[],"['the Professor of Mathematical Biology', 'the University of Oxford', 'the Centre for Mathematical Biology', 'the Mathematical Institute']"
Mark Walport,['1986'],"['Walport', 'London', 'London', 'Cambridge', 'Hammersmith', 'London']","[""St Paul's School"", 'Clare College', ""Guy's"", 'the University of Cambridge']",[],"[""St Paul's School"", 'Clare College', ""Guy's"", 'the University of Cambridge']"
Richard D. Braatz,"['July 19, 1966', '1988', 'a year', '2010']",['M.S.'],"['the Massachusetts Institute of Technology', 'the Hertz Foundation Thesis Prize', 'the Donald P. Eckman Award', 'the American Automatic Control Council', 'the Engineering Research Council', 'the Antonio Ruberti Foundation', 'IEEE Control Systems Society', 'the International Federation of Automatic Control, Institute of Electrical and Electronics Engineers', 'American Association', 'Oregon State University', 'Octave Levenspiel', 'Chevron Research', 'the California Institute of Technology', 'NP', 'DuPont', 'the University of Illinois at Urbana-Champaign', 'Millennium Chair', 'Chemical', 'Mechanical Science and Engineering, Bioengineering', 'Applied Mathematics', 'Computational Science and Engineering', 'Harvard University', 'MIT']","['Thesis Prize', 'P. Eckman Award', 'McGraw Research Award', 'Researcher Prize', 'Fellow of the International']","['the Massachusetts Institute of Technology', 'the Hertz Foundation Thesis Prize', 'the Donald P. Eckman Award', 'the American Automatic Control Council', 'the Engineering Research Council', 'the Antonio Ruberti Foundation', 'IEEE Control Systems Society', 'the International Federation of Automatic Control, Institute of Electrical and Electronics Engineers', 'American Association', 'Oregon State University', 'Octave Levenspiel', 'Chevron Research', 'the California Institute of Technology', 'NP', 'DuPont', 'the University of Illinois at Urbana-Champaign', 'Millennium Chair', 'Chemical', 'Mechanical Science and Engineering, Bioengineering', 'Applied Mathematics', 'Computational Science and Engineering', 'Harvard University', 'MIT']"
Carlos Bertulani,['1980-2000'],[],"['Brazilian & American', 'the Department of Physics of the Texas A&M University-Commerce', 'University of Bonn', 'the Federal University of Rio de Janeiro']",[],"['Brazilian & American', 'the Department of Physics of the Texas A&M University-Commerce', 'University of Bonn', 'the Federal University of Rio de Janeiro']"
Ruben Safrastyan,"['5 October 1955', 'recent years', '2002', '2012']","['Germany', 'Humboldt', 'Germany', 'Hungary', 'Bochum', 'Berkeley', 'Budapest', 'Yerevan', 'Armenia']","['the Institute of Oriental Studies', 'the Armenian National Academy of Sciences', 'the Yerevan State University', 'the Armenian Embassy', 'Fulbright (USA', 'International Policy', 'Contemporary Eurasia']",[],"['the Institute of Oriental Studies', 'the Armenian National Academy of Sciences', 'the Yerevan State University', 'the Armenian Embassy', 'Fulbright (USA', 'International Policy', 'Contemporary Eurasia']"
Licia Verde,"['1971', '1996', '2000', '2003', 'September 2007', '2013']","['Venice', 'Italy', 'Verde', 'Verde']","['ICREA', 'the University of Barcelona', 'the University of Oslo', 'University of Padua', 'the University of Edinburgh', 'Princeton University', 'The University of Pennsylvania', 'ICREA', 'the University of Barcelona', 'the University of Oslo', 'the Physics of the Dark Universe Journal She', 'WMAP', 'Universe']",[],"['ICREA', 'the University of Barcelona', 'the University of Oslo', 'University of Padua', 'the University of Edinburgh', 'Princeton University', 'The University of Pennsylvania', 'ICREA', 'the University of Barcelona', 'the University of Oslo', 'the Physics of the Dark Universe Journal She', 'WMAP', 'Universe']"
Wil Roebroeks,"['2001', '2007']","['Netherlands', 'Netherlands']","['Leiden University', 'Royal Netherlands Academy of Arts and Sciences']",[],"['Leiden University', 'Royal Netherlands Academy of Arts and Sciences']"
Charles Phelps Smyth,"['February 10, 1895 – March 18, 1990', '1920 to 1963', '1963', '1970', '1954', '1947']",[],"['Princeton University', 'Harvard University', 'the Princeton Department of Chemistry', 'the Office of Naval Research', 'the New York Section of the American Chemical Society', 'the National Bureau of Standards', 'the Chemical Warfare Service', 'the Manhattan Project and Operation Alsos']",['Nichols Medal'],"['Princeton University', 'Harvard University', 'the Princeton Department of Chemistry', 'the Office of Naval Research', 'the New York Section of the American Chemical Society', 'the National Bureau of Standards', 'the Chemical Warfare Service', 'the Manhattan Project and Operation Alsos']"
Peter M. Neumann,"['28 December 1940', '1963', '1966', '2008', '1997', '1987', '2003', 'October 1996 to April 2004']",[],"[""The Queen's College"", 'Oxford', 'D.Phil', 'Oxford University', ""the Queen's College"", 'Oxford', 'Oxford University', ""the Queen's College"", 'Alhazen', 'the Mathematical Association of America', 'the London Mathematical Society', 'the United Kingdom Mathematics Trust', 'OBE']","['Fellow at the Queen', 'Fellow at the Queen', 'R. Ford Award', 'Whitehead Prize']","[""The Queen's College"", 'Oxford', 'D.Phil', 'Oxford University', ""the Queen's College"", 'Oxford', 'Oxford University', ""the Queen's College"", 'Alhazen', 'the Mathematical Association of America', 'the London Mathematical Society', 'the United Kingdom Mathematics Trust', 'OBE']"
George Chaldakov,"['February 23, 1940', '1996', '2005', '1966', '1991', '1983', '2007', 'the past 30 years', '1991']","['Burgas', 'Bulgaria', 'MD', 'Varna', 'Bulgaria', 'Bulgaria', 'Bulgaria']","['Cell Biology', 'the Bulgarian Society for Cell Biology', 'Varna Institute of Medicine', 'Medical University of Varna', 'Vascular Biology', 'Ultrastructural', 'Medical University of Varna', 'Biomedical Reviews', 'An International Journal of Cell Biology of Disease', 'Biomedical Forum', 'Annual Program of Continuing Medical Education', 'Medical University of Varna']",[],"['Cell Biology', 'the Bulgarian Society for Cell Biology', 'Varna Institute of Medicine', 'Medical University of Varna', 'Vascular Biology', 'Ultrastructural', 'Medical University of Varna', 'Biomedical Reviews', 'An International Journal of Cell Biology of Disease', 'Biomedical Forum', 'Annual Program of Continuing Medical Education', 'Medical University of Varna']"
Paul Dirac,"['8 August 1902', '20 October 1984', 'the last decade', 'the 20th century']",[],"['the University of Cambridge', 'the Center for Theoretical Studies', 'University of Miami', 'Florida State University']",['Nobel Prize'],"['the University of Cambridge', 'the Center for Theoretical Studies', 'University of Miami', 'Florida State University']"
Sow-Hsin Chen,[],[],"['Massachusetts Institute of Technology', 'MIT']",[],"['Massachusetts Institute of Technology', 'MIT']"
Hyeon Taeghwan,"['9 December 1964', '1997', 'June 2012', '2010', '2010']",[],"['the School of Chemical and Biological Engineering', 'Seoul National University', 'the National Creative Research Initiative Center for Oxide Nanocrystalline Materials', 'the Journal of the American Chemical Society']",[],"['the School of Chemical and Biological Engineering', 'Seoul National University', 'the National Creative Research Initiative Center for Oxide Nanocrystalline Materials', 'the Journal of the American Chemical Society']"
Sanjeev Arora,"['January 1968', '1990', '1994', '1986', '2 years', '2002-03', '1995', '2001', '2010', '2008', '2011', '2012']",[],"['the Charles C. Fitzmorris', 'Princeton University', 'NP', 'MIT', 'Computer Science', 'the University of California, Berkeley', 'IIT', 'MIT', 'IIT Kanpur', 'the Institute for Advanced Study', 'euclidean', 'the ACM Infosys Foundation Award', 'Computer Science', 'the Executive Board', ""Princeton's Center for Computational Intractability""]","['Doctoral Dissertation Award', 'Gödel Prize', 'Fellow of the Association', 'Infosys Foundation Award', 'Fulkerson Prize']","['the Charles C. Fitzmorris', 'Princeton University', 'NP', 'MIT', 'Computer Science', 'the University of California, Berkeley', 'IIT', 'MIT', 'IIT Kanpur', 'the Institute for Advanced Study', 'euclidean', 'the ACM Infosys Foundation Award', 'Computer Science', 'the Executive Board', ""Princeton's Center for Computational Intractability""]"
Harry Edwards (sociologist),"['November 22, 1942']",[],"['Cornell University', 'the University of California, Berkeley']",[],"['Cornell University', 'the University of California, Berkeley']"
Govindarajan Padmanaban,['20 March 1938'],['Madras'],['the Indian Institute of Science'],[],['the Indian Institute of Science']
M. Qasim Jan,['Jan'],['Pakistan'],"['the National Centre of Excellence in Geology, University of Peshawar.', 'the Pakistan Academy of Sciences', 'the Association of the Academies of Sciences', 'the Academy of Sciences', 'the Developing World']",[],"['the National Centre of Excellence in Geology, University of Peshawar.', 'the Pakistan Academy of Sciences', 'the Association of the Academies of Sciences', 'the Academy of Sciences', 'the Developing World']"
John M. Ball,"['1948', '2006', '2002', '1998', '1996 - 1998', '2003 - 2006', 'October 2011', 'three-year', 'January 2012', '1999', '1998']",['Edinburgh'],"['Sedleian Professor of Natural Philosophy', 'the University of Oxford', 'the International Mathematical Union', 'Oxford', 'the University of Cambridge', 'Sussex University', 'Oxford', 'Heriot-Watt University', 'Ball', 'Science', 'the Norwegian Academy of Science and Letters', 'the American Mathematical Society', 'the London Mathematical Society', 'the International Mathematical Union', 'IMU', 'the Executive Board of ICSU', 'ISI', 'Heriot-Watt University']","['Abel Prize', 'Fields Medal', 'Kármán Prize']","['Sedleian Professor of Natural Philosophy', 'the University of Oxford', 'the International Mathematical Union', 'Oxford', 'the University of Cambridge', 'Sussex University', 'Oxford', 'Heriot-Watt University', 'Ball', 'Science', 'the Norwegian Academy of Science and Letters', 'the American Mathematical Society', 'the London Mathematical Society', 'the International Mathematical Union', 'IMU', 'the Executive Board of ICSU', 'ISI', 'Heriot-Watt University']"
Hal Foster (art critic),"['August 13, 1955', '1991 to 1997', '1997', '1998', '1983', '1985', '1996']",[],"['Princeton University', 'Columbia University', 'the City University of New York', 'Cornell University', 'Princeton', 'Guggenheim Fellowship', 'The Anti-Aesthetic']",['Guggenheim Fellowship'],"['Princeton University', 'Columbia University', 'the City University of New York', 'Cornell University', 'Princeton', 'Guggenheim Fellowship', 'The Anti-Aesthetic']"
Wayne Hendrickson,"['April 25, 1941', 'June 2, 1995', '1992', '1997', '2003', '2004']","['New York City', 'Sweden']","['University', 'Columbia', 'Columbia University', 'the Department of Biochemistry and Molecular Biophysics', 'the Photon Sciences Directorate', 'Brookhaven National Laboratory and Scientific Director', 'the New York Structural Biology Center', 'Hendrickson', 'the University of Wisconsin at River Falls', 'Johns Hopkins University', 'Warner Love', 'the Naval Research Laboratory', 'NRL', 'Hendrickson', 'the Aminoff Prize', 'the Royal Swedish Academy of Sciences', 'the Gairdner International Award', 'the American Academy of Arts and Sciences', 'the National Academy of Sciences', 'the Faculty of Science and Technology', 'Uppsala University', 'Hendrickson', 'B.A.', 'University of Wisconsin-River Falls', 'Johns Hopkins University', 'the National Academy of Sciences', 'the American Academy of Arts and Sciences', 'Gairdner Foundation International Award']","['Aminoff Prize', 'Gairdner International Award', 'Harvey Prize', 'Fellow of the American', 'B. Anfinsen Award', 'Foundation International Award', 'Harvey Prize']","['University', 'Columbia', 'Columbia University', 'the Department of Biochemistry and Molecular Biophysics', 'the Photon Sciences Directorate', 'Brookhaven National Laboratory and Scientific Director', 'the New York Structural Biology Center', 'Hendrickson', 'the University of Wisconsin at River Falls', 'Johns Hopkins University', 'Warner Love', 'the Naval Research Laboratory', 'NRL', 'Hendrickson', 'the Aminoff Prize', 'the Royal Swedish Academy of Sciences', 'the Gairdner International Award', 'the American Academy of Arts and Sciences', 'the National Academy of Sciences', 'the Faculty of Science and Technology', 'Uppsala University', 'Hendrickson', 'B.A.', 'University of Wisconsin-River Falls', 'Johns Hopkins University', 'the National Academy of Sciences', 'the American Academy of Arts and Sciences', 'Gairdner Foundation International Award']"
Eshel Ben-Jacob,"['13 April 1952', '5 June 2015', 'the 1980s', 'the late 1980s']",[],"['Tel Aviv University', 'the Maguy-Glass Chair in Physics of Complex Systems', 'Fellow of the Center for Theoretical Biological Physics', 'CTBP', 'Rice University', 'Kepler', 'the Microbes Mind Forum']",['Fellow of the Center'],"['Tel Aviv University', 'the Maguy-Glass Chair in Physics of Complex Systems', 'Fellow of the Center for Theoretical Biological Physics', 'CTBP', 'Rice University', 'Kepler', 'the Microbes Mind Forum']"
Henry Fuchs,"['20 January 1948', '1992', '2015']","['Tokaj', 'Hungary', 'Dallas']","['the American Academy of Arts and Sciences', 'AAAS', 'the Association for Computing Machinery', 'ACM', 'the University of North Carolina', 'UNC', 'the University of Texas', 'the National Academy of Engineering', 'NAE', 'the ACM SIGGRAPH Achievement Award', 'the National Computer Graphics Association', 'NCGA', 'the Steven Anson Coons Award for Outstanding Creative Contributions to Computer Graphics']","['SIGGRAPH Achievement Award', 'Anson Coons Award']","['the American Academy of Arts and Sciences', 'AAAS', 'the Association for Computing Machinery', 'ACM', 'the University of North Carolina', 'UNC', 'the University of Texas', 'the National Academy of Engineering', 'NAE', 'the ACM SIGGRAPH Achievement Award', 'the National Computer Graphics Association', 'NCGA', 'the Steven Anson Coons Award for Outstanding Creative Contributions to Computer Graphics']"
Markus Aspelmeyer,"['1974', '1993', '2002', '2002', '2007', '2009', '2016']",['Schongau'],"['Aspelmeyer', 'the University of Munich', 'the University of Vienna', 'Feodor Lynen PostDoctoral Fellowship', 'the Institute for Quantum Optics', 'Quantum Information', 'the Austrian Academy of Sciences', 'quantum entanglement', 'ERC', 'the University of Oxford', 'the University of Calgary', 'the University of Vienna', 'Quantum Information', 'the University of Vienna', 'quantum information', 'quantum', 'the European Physical Society', 'the Austrian Academy of Sciences', 'the Austrian Physical Society', 'Crystalline Mirror Solutions']","['PostDoctoral Fellowship', 'Lieben Prize', 'Fresnel Prize', 'Lieben Prize', 'Kohlrausch Prize']","['Aspelmeyer', 'the University of Munich', 'the University of Vienna', 'Feodor Lynen PostDoctoral Fellowship', 'the Institute for Quantum Optics', 'Quantum Information', 'the Austrian Academy of Sciences', 'quantum entanglement', 'ERC', 'the University of Oxford', 'the University of Calgary', 'the University of Vienna', 'Quantum Information', 'the University of Vienna', 'quantum information', 'quantum', 'the European Physical Society', 'the Austrian Academy of Sciences', 'the Austrian Physical Society', 'Crystalline Mirror Solutions']"
Robert V. Hogg,"['8 November 1924', '23 December 2014', '1963', '1950']",[],['the University of Iowa'],[],['the University of Iowa']
Sujatha Ramdorai,"['2006', '2004', '2007 to 2009', '2009']","['Mumbai', 'Canada']","['TIFR', 'the University of British Columbia', 'ICTP Ramanujan Prize', 'the National Knowledge Commission', 'Scientific Advisory Council', 'the National Innovation Council']","['Ramanujan Prize', 'Swarup Bhatnagar Award']","['TIFR', 'the University of British Columbia', 'ICTP Ramanujan Prize', 'the National Knowledge Commission', 'Scientific Advisory Council', 'the National Innovation Council']"
Michael Burrows,[],['Cambridge'],"['University College London', 'the Computer Laboratory', 'University of Cambridge', 'Churchill College']",[],"['University College London', 'the Computer Laboratory', 'University of Cambridge', 'Churchill College']"
Max Born,"['11 December 1882 – 5 January 1970', 'the 1920s and', '1930s', '1882', '1904', '1905', '1918', 'today', '1921', '1925', 'The following year', '1954', 'January 1933', 'October 1936', '31 August 1939', 'one day', '1952', '5 January 1970']","['Breslau', 'Germany', 'Poland', 'Berlin', 'Germany', 'Britain', 'Cambridge', 'Edinburgh', 'West Germany']","['Quantum Mechanics', 'Wrocław', 'the University of Göttingen', ""the University's Philosophy Faculty Prize"", 'Göttingen', 'quantum mechanics', 'Göttingen', 'the Nazi Party', ""St John's College"", 'Natural Philosophy', 'the University of Edinburgh', 'Bad Pyrmont', 'Göttingen']","['Nobel Prize', 'Faculty Prize', 'Nobel Prize']","['Quantum Mechanics', 'Wrocław', 'the University of Göttingen', ""the University's Philosophy Faculty Prize"", 'Göttingen', 'quantum mechanics', 'Göttingen', 'the Nazi Party', ""St John's College"", 'Natural Philosophy', 'the University of Edinburgh', 'Bad Pyrmont', 'Göttingen']"
Anthony James Leggett,"['26 March 1938', '1983', '2003']",[],['the University of Illinois at Urbana-Champaign'],['Nobel Prize'],['the University of Illinois at Urbana-Champaign']
Leon Isserlis,"['June 1881', 'ten years old', '1904', '1916', 'March 1920', '1942', '1926', '1931 to 1939', '1944–45', '1939']","['Kiev', 'Britain', 'the City of London School', 'Cambridge', 'Cambridge']","['Chebyshev and Chuprov', ""Christ's College"", 'the University of East London', 'University College London', 'the Chamber of Shipping', ""the Journal of the Royal Statistical Society of R. A. Fisher's"", 'Chebyshev', 'the Medical Research Council', 'the Jewish Health Organization', 'the Royal Statistical Society']",['Guy Medal'],"['Chebyshev and Chuprov', ""Christ's College"", 'the University of East London', 'University College London', 'the Chamber of Shipping', ""the Journal of the Royal Statistical Society of R. A. Fisher's"", 'Chebyshev', 'the Medical Research Council', 'the Jewish Health Organization', 'the Royal Statistical Society']"
Kurt Mendelssohn,"['7 January 1906 – 18 September 1980', '1933', '1933', '1955-1973', '1973', '1973', '1971-1973', '1974', '1966', 'the year before']","['Germany', 'England', 'Oxford', 'Egypt', 'Mexico', 'Egypt', 'Egypt']","['the University of Berlin', 'the University of Oxford', 'Reader in Physics', 'Wolfson College', 'Professorial Fellow', ""the Royal Society's"", 'Egyptological']","['Fellow of the Royal', 'Fellow of Wolfson College', 'Hughes Medal']","['the University of Berlin', 'the University of Oxford', 'Reader in Physics', 'Wolfson College', 'Professorial Fellow', ""the Royal Society's"", 'Egyptological']"
Erna Schneider Hoover,"['June 19, 1926', 'over 32 years', '2008']",[],"['Bell Laboratories', 'the National Inventors Hall of Fame']",[],"['Bell Laboratories', 'the National Inventors Hall of Fame']"
Ioannis Liritzis,"['2 November 1953', '1980', '1999', '5 years', '10 years', '1994', '2002', '1986', '2010']",[],"['Delphi', 'the University of Patras', 'the University of Edinburgh', 'the University of Oxford', 'Université Bordeaux III', 'University of Edinburgh', 'the Academy of Athens', 'the University of the Aegean', 'the Laboratory of Archaeometry', 'the Department of Mediterranean Studies', 'the University of the Aegean', 'the Senate of University of the Aegean', 'the Executive Committee of National Recognition of Foreign Academic Diplomas', 'the Greek Ministry of Culture', 'the Academy of Athens', 'Nature', 'SIMS', 'SIMS-SS', 'the Discovery Channel', ""Membre Correspondant de l' Académie des Sciences"", 'the European Academy of Sciences and Arts', 'the University of Peloponesse', 'International ICI Journals']",['International Archeometry Award'],"['Delphi', 'the University of Patras', 'the University of Edinburgh', 'the University of Oxford', 'Université Bordeaux III', 'University of Edinburgh', 'the Academy of Athens', 'the University of the Aegean', 'the Laboratory of Archaeometry', 'the Department of Mediterranean Studies', 'the University of the Aegean', 'the Senate of University of the Aegean', 'the Executive Committee of National Recognition of Foreign Academic Diplomas', 'the Greek Ministry of Culture', 'the Academy of Athens', 'Nature', 'SIMS', 'SIMS-SS', 'the Discovery Channel', ""Membre Correspondant de l' Académie des Sciences"", 'the European Academy of Sciences and Arts', 'the University of Peloponesse', 'International ICI Journals']"
Emanuel Derman,"['age 21', '1966', 'September 2004', 'the year for', '2004', '2011']",['U.S.'],"['Black–Derman–Toy', 'Columbia University', 'KKR Prisma Capital Partners', ""Business Week's""]",[],"['Black–Derman–Toy', 'Columbia University', 'KKR Prisma Capital Partners', ""Business Week's""]"
Daniel Wolpert,"['8 September 1963', '2005', '2013']",[],['the University of Cambridge'],[],['the University of Cambridge']
Artur Avila,"['29 June 1979', 'half-year']",[],"['IMPA', 'CNRS']",['Fields Medal'],"['IMPA', 'CNRS']"
Sten Grillner,"['14 June 1941', '2000', '1969', '1987', 'between 1988-2008', '1993', '2002', '2005', '2008']","['Stockholm', 'Stockholm', 'Gothenburg', 'Sweden', 'MD', 'US']","[""the Karolinska Institute's"", 'Nobel Institute for Neurophysiology', 'International Brain Research Organization', 'the Federation of European Neuroscience Societies', 'FENS', 'Doctor of Medicine', 'the Nobel Institute for Neurophysiology', 'the Karolinska Institute', 'the Academia Europaeae', 'Royal Swedish Academy of Science', 'National Academy of Science', 'Institute of Medicine (US', 'Bristol Myers Squibb', 'the Reeve–Irvine', 'Society for Neuroscience']","['Kavli Prize', 'Nobel Prize', 'Gerard Prize', 'Kavli Prize']","[""the Karolinska Institute's"", 'Nobel Institute for Neurophysiology', 'International Brain Research Organization', 'the Federation of European Neuroscience Societies', 'FENS', 'Doctor of Medicine', 'the Nobel Institute for Neurophysiology', 'the Karolinska Institute', 'the Academia Europaeae', 'Royal Swedish Academy of Science', 'National Academy of Science', 'Institute of Medicine (US', 'Bristol Myers Squibb', 'the Reeve–Irvine', 'Society for Neuroscience']"
David Altshuler,['2014'],[],"['Global Research', 'Vertex Pharmaceuticals', 'Vertex', 'the Broad Institute of Harvard', 'MIT', 'Harvard Medical School', 'the Department of Biology', 'Massachusetts Institute of Technology', 'the Department of Molecular Biology', 'Center for Human Genetic Research', 'the Diabetes Unit', 'Massachusetts General Hospital', 'the Broad Institute', 'Institute', 'the Program in Medical and Population Genetics']",[],"['Global Research', 'Vertex Pharmaceuticals', 'Vertex', 'the Broad Institute of Harvard', 'MIT', 'Harvard Medical School', 'the Department of Biology', 'Massachusetts Institute of Technology', 'the Department of Molecular Biology', 'Center for Human Genetic Research', 'the Diabetes Unit', 'Massachusetts General Hospital', 'the Broad Institute', 'Institute', 'the Program in Medical and Population Genetics']"
Muhammad Yar Khuhawar,['year 2000'],"['U.K', 'USA', 'Pakistan', 'Electrophoresis', 'sindh province', 'Indus', 'natural springs', 'UK', 'United Kingdom', 'Pakistan']","['Sitara-i-Imtiaz', 'a Professor of Chemistry', 'the University of Sindh', 'Institute of Advanced Research Studies', 'Chemical Sciences', 'University of Sindh', 'Jamshoro', 'Gas Chromatography', 'Chemistry', 'Birmingham University', 'University of Birmingham', 'National and International Journals']",[],"['Sitara-i-Imtiaz', 'a Professor of Chemistry', 'the University of Sindh', 'Institute of Advanced Research Studies', 'Chemical Sciences', 'University of Sindh', 'Jamshoro', 'Gas Chromatography', 'Chemistry', 'Birmingham University', 'University of Birmingham', 'National and International Journals']"
Amos Smith,"['August 26, 1944', '2015']",[],"['the Monell Chemical Senses Center', 'the Rhodes-Thompson Professorship of Chemistry', ""the University of Pennsylvania's"", 'Department of Chemistry', 'the American Academy of Arts and Sciences', 'the ESPCI ParisTech Scientific Council', ""the Royal Society of Chemistry's"", 'Perkin Prize for Organic Chemistry']",['Perkin Prize'],"['the Monell Chemical Senses Center', 'the Rhodes-Thompson Professorship of Chemistry', ""the University of Pennsylvania's"", 'Department of Chemistry', 'the American Academy of Arts and Sciences', 'the ESPCI ParisTech Scientific Council', ""the Royal Society of Chemistry's"", 'Perkin Prize for Organic Chemistry']"
Andre Geim,"['21 October 1958', '2000']",[],"['FRS', 'the School of Physics and Astronomy', 'the University of Manchester', 'the Manchester Centre for Mesoscience and Nanotechnology']","['Nobel Prize', 'Nobel Prize', 'Nobel Prize']","['FRS', 'the School of Physics and Astronomy', 'the University of Manchester', 'the Manchester Centre for Mesoscience and Nanotechnology']"
John B. Whitehead,"['August 18, 1872', 'November 16, 1954', '1933 to 1934', '1941']","['Norfolk', 'Virginia', 'Baltimore', 'Maryland']","['Johns Hopkins University', 'the School of Engineering', 'the American Institute of Electrical Engineers']",['Edison Medal'],"['Johns Hopkins University', 'the School of Engineering', 'the American Institute of Electrical Engineers']"
Richard Axel,"['July 2, 1946', '2004']",[],"['the Department of Neuroscience', 'Columbia University', 'the Howard Hughes Medical Institute']",['Nobel Prize'],"['the Department of Neuroscience', 'Columbia University', 'the Howard Hughes Medical Institute']"
Noam Nisan,"['June 20, 1961']",[],['the Hebrew University of Jerusalem'],[],['the Hebrew University of Jerusalem']
Howard Harry Rosenbrock,"['16 December 1920', '21 October 2010', '1920', '1941', '1st', '1955', '21 October 2010', '1982', '1994']","['Ilford', 'England', 'IChemE']","['University College London', 'the Royal Air Force', 'London University', 'Cambridge University', 'MIT', 'the University of Manchester Institute of Science and Technology', 'the Control Systems Centre', 'the IEE Premium', 'the IEE Heaviside Premium', 'IEEE Control Systems Science and Engineering Award', 'IEE', 'the Institute of Measurement and Control', 'the Royal Academy of Engineering', 'the Royal Society']","['Control Achievement Award', 'Oldenburger Medal', 'Moulton Medal', 'Fellow of the IEE']","['University College London', 'the Royal Air Force', 'London University', 'Cambridge University', 'MIT', 'the University of Manchester Institute of Science and Technology', 'the Control Systems Centre', 'the IEE Premium', 'the IEE Heaviside Premium', 'IEEE Control Systems Science and Engineering Award', 'IEE', 'the Institute of Measurement and Control', 'the Royal Academy of Engineering', 'the Royal Society']"
Ronald Ekers,"['18 September 1941', '1963', '1967', 'his teenage years', '1980', '1987', 'From 1988 to 2003']",['South Australia'],"['FRS', 'FAA', 'the University of Adelaide', 'the Australian National University', 'ANU', 'Caltech', 'the Very Large Array', 'Foundation', 'CSIRO', 'Australia Telescope National Facility', 'the International Astronomical Union', 'IAU', 'the Advisory Board', 'the Peter Gruber Foundation Cosmology Prize']",['Cosmology Prize'],"['FRS', 'FAA', 'the University of Adelaide', 'the Australian National University', 'ANU', 'Caltech', 'the Very Large Array', 'Foundation', 'CSIRO', 'Australia Telescope National Facility', 'the International Astronomical Union', 'IAU', 'the Advisory Board', 'the Peter Gruber Foundation Cosmology Prize']"
Bradford Parkinson,"['February 16, 1935', '1957', '1961', 'several years', '1966', '1973', '1978', '1984', 'today', '2003', '2004', '2016']",['M.S.'],"['United States Air Force', 'the Global Positioning System', 'the United States Naval Academy', 'the Air Force', 'the Massachusetts Institute of Technology', 'the Air Force', 'Stanford University', 'NAVSTAR', 'the Air Force', 'Stanford University', 'the Global Positioning System', 'the National Inventors Hall of Fame']","['Draper Prize', 'Marconi Prize']","['United States Air Force', 'the Global Positioning System', 'the United States Naval Academy', 'the Air Force', 'the Massachusetts Institute of Technology', 'the Air Force', 'Stanford University', 'NAVSTAR', 'the Air Force', 'Stanford University', 'the Global Positioning System', 'the National Inventors Hall of Fame']"
Odd Langholm,"['8 November 1928', '1966 to 1998']",[],['the Norwegian School of Economics and Business Administration'],[],['the Norwegian School of Economics and Business Administration']
Brian Garner Wybourne,"['5 March 1935', 'November 2003', '1935', '1958', '1960', '1966', 'December 1982 to November 1989', '1991', '1970', 'the same year']","['New Zealand', 'Morrinsville', 'the United States', 'Toruń', 'Poland', 'New Zealand']","['Canterbury University College', 'MSc', 'Johns Hopkins University', 'Argonne National Laboratory', 'the University of Canterbury', 'the Nicholas Copernicus University', 'the Royal Society of New Zealand']","['Fellow of the Royal', 'Hector Medal']","['Canterbury University College', 'MSc', 'Johns Hopkins University', 'Argonne National Laboratory', 'the University of Canterbury', 'the Nicholas Copernicus University', 'the Royal Society of New Zealand']"
Li Xiaohong (engineer),"['June 1959', '2003 to 2010', '2010', '2011']",['China'],"['Chongqing University', 'Wuhan University', 'Chinese Academy of Engineering']",[],"['Chongqing University', 'Wuhan University', 'Chinese Academy of Engineering']"
Duncan Haldane,['14 September 1951'],[],"['Princeton University', 'Perimeter Institute for Theoretical Physics']",['Nobel Prize'],"['Princeton University', 'Perimeter Institute for Theoretical Physics']"
Haddon King,"['4 February 1905 – 1990', '1972', '1926', '1929', '1934', '1934', '1936', '1953', '1984']","['Georgetown', 'British Guiana', 'née Kingsland', 'Canada', 'Timmins', 'U.S.']","['the Geological Survey', 'the University of Toronto', 'Western Mining Corporation', 'Western Australia', 'King', 'Consolidated Zinc']","['Clarke Medal', 'Browne Medal']","['the Geological Survey', 'the University of Toronto', 'Western Mining Corporation', 'Western Australia', 'King', 'Consolidated Zinc']"
Marc Levoy,"['1976', '1978', '1996', '1980 to 1983', '1989', '1990', '1991', '1994', '1996', 'modern-day', 'the 2000s', '1996', '2007']",['M.S.'],"['Stanford University', 'Levoy', 'Cornell University', 'B.Arch', 'the Charles Goodwin Sands Memorial Medal', 'Disney', 'Hanna-Barbera Productions', 'Levoy', 'the Hanna-Barbera Animation Laboratory', 'the University of North Carolina', ""Stanford's Computer Science Department"", ""the National Science Foundation's"", 'Presidential Young Investigator Award', 'Stanford', 'Levoy', 'the ACM SIGGRAPH Computer Graphics Achievement Award']","['Memorial Medal', 'Young Investigator Award', 'Graphics Achievement Award', 'Fellow of the Association']","['Stanford University', 'Levoy', 'Cornell University', 'B.Arch', 'the Charles Goodwin Sands Memorial Medal', 'Disney', 'Hanna-Barbera Productions', 'Levoy', 'the Hanna-Barbera Animation Laboratory', 'the University of North Carolina', ""Stanford's Computer Science Department"", ""the National Science Foundation's"", 'Presidential Young Investigator Award', 'Stanford', 'Levoy', 'the ACM SIGGRAPH Computer Graphics Achievement Award']"
Andrey Korotayev,"['February 17, 1961']",[],"['the Laboratory of Monitoring of the Risks of Sociopolitical Destabilization', 'the National Research University Higher School of Economics', 'the Center for Big History and System Forecasting of the Institute of Oriental Studies', 'the Institute for African Studies', 'the Russian Academy of Sciences', 'the International Laboratory on Political Demography', 'Social Macrodynamics', 'the Russian Presidential Academy of National Economy and Public Administration', 'the Faculty of Global Studies', 'the Moscow State University', 'Social Evolution & History', 'Journal of Globalization Studies', 'History & Mathematics', 'the Russian Academy of Sciences Program ""System Analysis and Mathematical Modeling of World Dynamics']",[],"['the Laboratory of Monitoring of the Risks of Sociopolitical Destabilization', 'the National Research University Higher School of Economics', 'the Center for Big History and System Forecasting of the Institute of Oriental Studies', 'the Institute for African Studies', 'the Russian Academy of Sciences', 'the International Laboratory on Political Demography', 'Social Macrodynamics', 'the Russian Presidential Academy of National Economy and Public Administration', 'the Faculty of Global Studies', 'the Moscow State University', 'Social Evolution & History', 'Journal of Globalization Studies', 'History & Mathematics', 'the Russian Academy of Sciences Program ""System Analysis and Mathematical Modeling of World Dynamics']"
Sidney Mintz,"['November 16, 1922 – December 27, 2015', '1951', 'two decades']","['Puerto Rico', 'Haiti', 'Jamaica']","['Columbia University', 'Yale University', 'the Anthropology Department', 'Johns Hopkins University']",[],"['Columbia University', 'Yale University', 'the Anthropology Department', 'Johns Hopkins University']"
Sara Arber,[],[],"['University of Surrey', 'the British Sociological Association', 'the European Sociological Association']",[],"['University of Surrey', 'the British Sociological Association', 'the European Sociological Association']"
Jim Berger (statistician),"['April 6, 1950', '1974', '1997', '2002']","['Minneapolis', 'Minnesota']","['Cornell University', 'the Department of Statistics', 'Purdue University', 'the Institute of Statistics', 'Decision Sciences', 'the Department of Statistical Science', 'Duke University', 'Arts and Sciences', 'the Statistical and Applied Mathematical Sciences Institute']",[],"['Cornell University', 'the Department of Statistics', 'Purdue University', 'the Institute of Statistics', 'Decision Sciences', 'the Department of Statistical Science', 'Duke University', 'Arts and Sciences', 'the Statistical and Applied Mathematical Sciences Institute']"
Otto Hutter,"['February 1924', '1947', 'December 1938', '1942']","['Vienna', 'Vienna', 'Kindertransport', 'UK', 'Baltimore']","['the University of Glasgow', 'the Bishop Stortford College', 'the Wellcome Physiological Research Laboratories', 'Beckenham', 'Kent', 'Chelsea Polytechnic', 'Birkbeck College', 'University College London']",[],"['the University of Glasgow', 'the Bishop Stortford College', 'the Wellcome Physiological Research Laboratories', 'Beckenham', 'Kent', 'Chelsea Polytechnic', 'Birkbeck College', 'University College London']"
Michael Athans,"['May 3, 1937', '1973', '1977', '1958', '1959', '1961']","['B.S.', 'M.S.']","['the Department of Electrical Engineering and Computer Science', 'the Massachusetts Institute of Technology', 'IEEE', 'AAAS', 'the University of California, Berkeley']","['Fellow of the IEEE', 'Fellow of the AAAS']","['the Department of Electrical Engineering and Computer Science', 'the Massachusetts Institute of Technology', 'IEEE', 'AAAS', 'the University of California, Berkeley']"
James S. Langer,"['1934', '1951', '1955', '1958', '1982', 'Between 1989 and 1995', '2000', '2001 to 2005', '1997']","['Santa Barbara', 'Pittsburgh', 'Pennsylvania', 'Birmingham']","['the University of California at', 'Taylor Allderdice High School', 'Carnegie Institute of Technology', 'the University of Birmingham', 'the Physics Department', 'the Carnegie Institute of Technology', 'Carnegie Mellon University', ""UCSB's"", 'Institute for Theoretical Physics', 'UCSB', 'Langer', 'the American Physical Society', 'the United States National Academy of Sciences', 'APS']",['Buckley Prize'],"['the University of California at', 'Taylor Allderdice High School', 'Carnegie Institute of Technology', 'the University of Birmingham', 'the Physics Department', 'the Carnegie Institute of Technology', 'Carnegie Mellon University', ""UCSB's"", 'Institute for Theoretical Physics', 'UCSB', 'Langer', 'the American Physical Society', 'the United States National Academy of Sciences', 'APS']"
Andrew Huxley,"['22 November 1917', '30 May 2012', '1963', '1952', '1954', '1960', '1955', '1980', '1973', '1974', '1983']","['Central London', 'Cambridge', 'Cambridge']","['Westminster School', 'Trinity College', 'the British Anti-Aircraft Command', 'Admiralty', 'The University of Cambridge', 'the Department of Physiology', 'University College London', 'the Royal Society', 'The Royal Society', 'the Order of Merit', 'Trinity College']","['Nobel Prize', 'Nobel Prize', 'Fellow of the Royal', 'Copley Medal']","['Westminster School', 'Trinity College', 'the British Anti-Aircraft Command', 'Admiralty', 'The University of Cambridge', 'the Department of Physiology', 'University College London', 'the Royal Society', 'The Royal Society', 'the Order of Merit', 'Trinity College']"
Joseph Silk,"['3 December 1942', '1999', 'September 2011', '1954-1960', '1960-1963', '1968', '1970', '1978', 'nearly 30 years', '1999', '2010', '2015', 'May 1999', '2011']","['UK', 'Homewood']","['the University of Oxford', 'Tottenham County School', 'Harvard', 'Berkeley', 'the University of Oxford', 'the Institut d’Astrophysique de Paris', 'Université Pierre et', 'Johns Hopkins University', 'Gresham College', 'New College', 'Oxford', 'the Royal Society']","['Fellow of New College', 'Fellow of the Royal', 'Balzan Prize']","['the University of Oxford', 'Tottenham County School', 'Harvard', 'Berkeley', 'the University of Oxford', 'the Institut d’Astrophysique de Paris', 'Université Pierre et', 'Johns Hopkins University', 'Gresham College', 'New College', 'Oxford', 'the Royal Society']"
Frederic M. Richards,"['August 19, 1925 – January 11, 2009', '1967']",[],"['NMR', 'Yale University', 'Sterling Professor of Molecular Biophysics and Biochemistry', 'the National Academy of Sciences USA', 'the American Academy of Arts and Sciences', 'the American Society for Biochemistry and Molecular Biology']",[],"['NMR', 'Yale University', 'Sterling Professor of Molecular Biophysics and Biochemistry', 'the National Academy of Sciences USA', 'the American Academy of Arts and Sciences', 'the American Society for Biochemistry and Molecular Biology']"
Carsten Lund,"['July 1, 1963', '1988', '1991', '1991', '2001', 'August 1991']","['Bedminster', 'New Jersey', 'United States', 'Aarhus', 'Denmark']","['AT&T Labs', 'the University of Aarhus', 'the University of Chicago', 'ThePower of Interaction', 'ACM', 'PSPACE', 'NEXPTIME', 'the University of Chicago', 'Lance Fortnow', 'László Babai', 'ACM Doctoral Dissertation Award', 'NP', 'AT&T Laboratories']","['Doctoral Dissertation Award', 'Gödel Prize']","['AT&T Labs', 'the University of Aarhus', 'the University of Chicago', 'ThePower of Interaction', 'ACM', 'PSPACE', 'NEXPTIME', 'the University of Chicago', 'Lance Fortnow', 'László Babai', 'ACM Doctoral Dissertation Award', 'NP', 'AT&T Laboratories']"
Kenneth G. McCracken,"['7 August 1933', 'several years', '1939', '1940-43', '1943-44', '1945-46', '1946-49', '1954', '1959.From 1961 to 1962', '1963', '1965', '1966 to 1969', '1969', '1995', '2001', '2003', '1989', '2008']","['the United States of America', 'Brisbane', 'Queensland', 'Brisbane', 'Melbourne', 'Canberra']","['AO', 'Office of Space Science and Applications and Foundation', 'the CSIRO Division of Mineral Physics', 'NASA', 'National Aeronautics and Space Administration', 'Telopea Park Primary', 'Canberra High School', 'Hobart High School', 'the University of Tasmania', 'BSc', 'a Doctor of Philosophy', 'Massachusetts Institute of Technology', 'the NASA Space Radiation Protection Committee', 'the University of Adelaide', 'McCracken', 'the Australian Academy of Science', 'the Australia Prize', 'the Australian Academy of Science', 'the Order of Australia', 'McCracken', 'Pioneer 7', 'New Holland Publishers']","['Pawsey Medal', 'Gold Medal', 'Australia Prize', 'Wark Medal', 'King Medal']","['AO', 'Office of Space Science and Applications and Foundation', 'the CSIRO Division of Mineral Physics', 'NASA', 'National Aeronautics and Space Administration', 'Telopea Park Primary', 'Canberra High School', 'Hobart High School', 'the University of Tasmania', 'BSc', 'a Doctor of Philosophy', 'Massachusetts Institute of Technology', 'the NASA Space Radiation Protection Committee', 'the University of Adelaide', 'McCracken', 'the Australian Academy of Science', 'the Australia Prize', 'the Australian Academy of Science', 'the Order of Australia', 'McCracken', 'Pioneer 7', 'New Holland Publishers']"
Robert Ulanowicz,"['September 17, 1943', '2008', '1964', '68']","['Baltimore', 'Maryland', 'Solomons', 'Maryland', 'Gainesville', 'Florida', 'Florida', 'Florida']","['Process Ecology', ""the University of Maryland Center for Environmental Science's"", 'Chesapeake Biological Laboratory', 'Ulanowicz', 'BS', 'Johns Hopkins University', 'the Department of Biology', 'the University of Florida', 'Florida Springs Institute']",[],"['Process Ecology', ""the University of Maryland Center for Environmental Science's"", 'Chesapeake Biological Laboratory', 'Ulanowicz', 'BS', 'Johns Hopkins University', 'the Department of Biology', 'the University of Florida', 'Florida Springs Institute']"
Richard Lewontin,"['March 29, 1929', '1966', '1979', 'From 1973 to 1998', '2003']",[],"['Genetics', 'Harvard University']",[],"['Genetics', 'Harvard University']"
Xie Yi,"['23 July 1967', 'March 2015']",[],"['the Chinese Academy of Sciences', 'the Royal Society of Chemistry', 'University of Science and Technology of China']",[],"['the Chinese Academy of Sciences', 'the Royal Society of Chemistry', 'University of Science and Technology of China']"
Mark Krein,"['3 April 1907', '17 October 1989', 'age 17', '14 January 2008']","['Odessa', 'Odessa']",['I.I. Mechnikov Odessa National University'],['Wolf Prize'],['I.I. Mechnikov Odessa National University']
David Franklin (scientist),"['1996', 'April 2014']","['the United States', 'US']","['Harvard Medical School', 'Parke-Davis', 'Neurontin', 'Franklin', 'Pfizer', 'Franklin', 'Parke-Davis', 'Pfizer', 'Kaiser', 'Pfizer', 'the US Supreme Court', 'Franklin']",[],"['Harvard Medical School', 'Parke-Davis', 'Neurontin', 'Franklin', 'Pfizer', 'Franklin', 'Parke-Davis', 'Pfizer', 'Kaiser', 'Pfizer', 'the US Supreme Court', 'Franklin']"
Stephen Selkowitz,['2014'],[],"['the Lawrence Berkeley National Laboratory', 'the Man of the Year']",[],"['the Lawrence Berkeley National Laboratory', 'the Man of the Year']"
Hosur Narasimhaiah,"['6 June 1920 – 31 January 2005', '1984', 'two days', '1936', 'his final year', '1942', 'about nine months', '1944', '1946', '1957', '1960', 'From 1961', '1972', '1977']","['Hossur', 'Gauribidanur', 'Basavanagudi', 'Bangalore', 'India', 'Bangalore', 'US']","['Hossur Narasimhaiah', 'Karnataka', 'Bangalore University', 'the National Education Society', 'the Government of India', 'the Government School', 'the National High School', 'the Central College of Bangalore', ""Gandhi's"", 'the National College', 'the Ohio State University', 'the National College', 'Basavanagudi', 'the Bangalore University', 'the Karnataka Legislative Council', 'the ""Committee to Investigate Miracles and Other Verifiable Superstitions', 'Karnataka', 'the Bangalore Science Forum', 'the Committee for the Scientific Investigation of Claims of the Paranormal']",['Fellow of the Committee'],"['Hossur Narasimhaiah', 'Karnataka', 'Bangalore University', 'the National Education Society', 'the Government of India', 'the Government School', 'the National High School', 'the Central College of Bangalore', ""Gandhi's"", 'the National College', 'the Ohio State University', 'the National College', 'Basavanagudi', 'the Bangalore University', 'the Karnataka Legislative Council', 'the ""Committee to Investigate Miracles and Other Verifiable Superstitions', 'Karnataka', 'the Bangalore Science Forum', 'the Committee for the Scientific Investigation of Claims of the Paranormal']"
Christopher Bishop,[],[],"[""St Catherine's College"", 'Oxford', 'the University of Edinburgh']",[],"[""St Catherine's College"", 'Oxford', 'the University of Edinburgh']"
Noella Marcellino,"['June 30, 1951']",['France'],"['O.S.B.', 'the University of Connecticut', 'a Fulbright Scholarship']",[],"['O.S.B.', 'the University of Connecticut', 'a Fulbright Scholarship']"
Rudolph Leibel,['1942'],['MD'],"['Columbia University Medical Center', 'the Division of Molecular Genetics', 'the Department of Pediatrics', 'the Naomi Berrie Diabetes Center and Executive Director', 'Angelica Berrie Program in Cellular Therapy', 'the New York Obesity Research Center', 'the Columbia University Diabetes and Endocrinology Research Center', 'Leibel', 'Rockefeller University']",[],"['Columbia University Medical Center', 'the Division of Molecular Genetics', 'the Department of Pediatrics', 'the Naomi Berrie Diabetes Center and Executive Director', 'Angelica Berrie Program in Cellular Therapy', 'the New York Obesity Research Center', 'the Columbia University Diabetes and Endocrinology Research Center', 'Leibel', 'Rockefeller University']"
Roger Bingham,"['today', '1974', '1995-96', '2003', '2004']","['La Jolla', 'California', 'Los Angeles', 'the United States of America']","['the Science Network', 'TSN', 'TSN', 'Beyond Belief', 'Science and Society Unit', 'PBS', 'KCET', 'PBS', 'PBS', 'The Origin of Minds: Evolution, Uniqueness', 'the New Science of the Self (Harmony, 2002', 'Caltech', 'the Center for Evolutionary Psychology', 'UC Santa Barbara', 'Proceedings of the National Academy of Sciences', 'The Origin of Minds: Evolution,', 'the New Science of the Self', 'The Origin of Minds', 'the Science Network', 'The Science Network', 'the Salk Institute', 'the Science Network', 'the Computational Neurobiology Laboratory', 'the Salk Institute for Biological Studies', 'the Institute for Neural Computationat UC San Diego', ""the Director's Council"", 'UC San Diego Center for Brain Activity Mapping', 'Executive Committee', 'the UCSD Temporal Dynamics of Learning Center', 'TDLC', 'the Board of Advisers of Scientific American']",['Fellow at the Center'],"['the Science Network', 'TSN', 'TSN', 'Beyond Belief', 'Science and Society Unit', 'PBS', 'KCET', 'PBS', 'PBS', 'The Origin of Minds: Evolution, Uniqueness', 'the New Science of the Self (Harmony, 2002', 'Caltech', 'the Center for Evolutionary Psychology', 'UC Santa Barbara', 'Proceedings of the National Academy of Sciences', 'The Origin of Minds: Evolution,', 'the New Science of the Self', 'The Origin of Minds', 'the Science Network', 'The Science Network', 'the Salk Institute', 'the Science Network', 'the Computational Neurobiology Laboratory', 'the Salk Institute for Biological Studies', 'the Institute for Neural Computationat UC San Diego', ""the Director's Council"", 'UC San Diego Center for Brain Activity Mapping', 'Executive Committee', 'the UCSD Temporal Dynamics of Learning Center', 'TDLC', 'the Board of Advisers of Scientific American']"
Brian Cox (physicist),['3 March 1968'],[],"['OBE', 'FRS', 'Advanced Fellow', 'the School of Physics and Astronomy', 'the University of Manchester', 'The Quantum Universe', 'Cox', 'BBC', 'Dare']",['Fellow of particle physics'],"['OBE', 'FRS', 'Advanced Fellow', 'the School of Physics and Astronomy', 'the University of Manchester', 'The Quantum Universe', 'Cox', 'BBC', 'Dare']"
Don L. Anderson,"['March 5, 1933 – December 2, 2014', '1998', 'Later that year']",['Sorbonne'],"['the Division of Geological and Planetary Sciences', 'the California Institute of Technology', 'Caltech', 'the Royal Swedish Academy of Sciences', 'Rensselaer Polytechnic Institute', 'the University of Paris', 'Harvard, Princeton, Yale, University of Chicago', 'Stanford', 'University of Paris', 'Purdue University', 'Rice University']","['Crafoord Prize', 'National Medal']","['the Division of Geological and Planetary Sciences', 'the California Institute of Technology', 'Caltech', 'the Royal Swedish Academy of Sciences', 'Rensselaer Polytechnic Institute', 'the University of Paris', 'Harvard, Princeton, Yale, University of Chicago', 'Stanford', 'University of Paris', 'Purdue University', 'Rice University']"
John Curtis Perry,"['18 July 1930', '2014', '2015']","['Japan', 'US', 'Singapore']","['the Fletcher School of Law and Diplomacy, Tufts University', 'Maritime Studies', 'the Institute for Global Maritime Studies', 'Imperial', 'the Order of the Sacred Treasure']",[],"['the Fletcher School of Law and Diplomacy, Tufts University', 'Maritime Studies', 'the Institute for Global Maritime Studies', 'Imperial', 'the Order of the Sacred Treasure']"
Carlton E. Lemke,"['October 11, 1920 - April 12, 2004', '1949', '1953', '1952-1954', '1954-55', '1955-56', '1956', '1967', '1954', '1964', '1978']",['New Jersey'],"['the University of Buffalo', 'Linear Inequalities', 'Carnegie Mellon University', 'Carnegie Institute of Technology', 'the Carnegie Institute of Technology', 'the Knolls Atomic Power Laboratory of', 'General Electric', 'the Radio Corporation of America', 'the Rensselaer Polytechnic Institute', 'Ford Foundation', 'Algebra, Mathematical Programming, Operations Research', 'Statistics']",['Theory Prize'],"['the University of Buffalo', 'Linear Inequalities', 'Carnegie Mellon University', 'Carnegie Institute of Technology', 'the Carnegie Institute of Technology', 'the Knolls Atomic Power Laboratory of', 'General Electric', 'the Radio Corporation of America', 'the Rensselaer Polytechnic Institute', 'Ford Foundation', 'Algebra, Mathematical Programming, Operations Research', 'Statistics']"
Mujahid Kamran,"['23 January 1951', 'January 2007–January 2008', 'January 2008', '1972', '1982', '1986', '1988', '1988–89']","['Lahore', 'Pakistan', 'the Governor of', 'Punjab', 'Athens', 'USA']","['the University of the Punjab', 'the Physics Department', 'the University of the Punjab', 'the Faculty of Sciences', 'the Punjab University', 'the University of the Punjab', 'Fulbright Fellow', 'University of Georgia,']",[],"['the University of the Punjab', 'the Physics Department', 'the University of the Punjab', 'the Faculty of Sciences', 'the Punjab University', 'the University of the Punjab', 'Fulbright Fellow', 'University of Georgia,']"
Knut Borchardt,"['2 June 1929', '1962 to 1969', 'between 1967 and 1969']","['Berlin', 'Germany']","['the Ludwig Maximilian University of Munich', 'the University of Mannheim', 'the University of Mannheim']",[],"['the Ludwig Maximilian University of Munich', 'the University of Mannheim', 'the University of Mannheim']"
Robert E. Hopkins,"['June 30, 1915 – July 4, 2009', '1973', '1915', '1937', '1939', '1948', '1945', '1951', '1954 to 1964', '1955', '1955', '1963', '1967', '1953', '1975', '1982', 'the 1980s', '1937', '1973', '1970', '1983', '1983', '70', '60 years']","['Belmont', 'MA', 'MS', 'Oklahoma', 'Wayland']","['the Optical Society of America', 'Hopkins', 'Hopkins', 'the Massachusetts Institute of Technology', 'MIT', 'BS', 'the University of Rochester', 'US Navy', 'the Office of Research and Development', 'Hopkins', 'the UR faculty', 'Professor of Optics', 'the Institute of Optics', 'Cornell University', 'the National Science Foundation', 'Tropel, Inc.', 'Corning, Inc.', 'the UR Laboratory of Laser Energetics', 'OSA', 'Hopkins', 'Society', 'OSA', 'the American Physical Society', 'APS', 'the SPIE Board of Governors', 'Sigma Xi', 'the American Society for Engineering Education', 'the Robert E. Hopkins', 'the Robert E. Hopkins Center for Optical Design and Engineering']","['Ives Medal', 'Joseph Fraunhofer Award', 'Fellow of the American', 'Gold Medal']","['the Optical Society of America', 'Hopkins', 'Hopkins', 'the Massachusetts Institute of Technology', 'MIT', 'BS', 'the University of Rochester', 'US Navy', 'the Office of Research and Development', 'Hopkins', 'the UR faculty', 'Professor of Optics', 'the Institute of Optics', 'Cornell University', 'the National Science Foundation', 'Tropel, Inc.', 'Corning, Inc.', 'the UR Laboratory of Laser Energetics', 'OSA', 'Hopkins', 'Society', 'OSA', 'the American Physical Society', 'APS', 'the SPIE Board of Governors', 'Sigma Xi', 'the American Society for Engineering Education', 'the Robert E. Hopkins', 'the Robert E. Hopkins Center for Optical Design and Engineering']"
Paul Kogerman,"['5 December', 'November] 1891', '27 July 1951', '1913', '1913', '1918', 'May 1921', '1922']","['Tallinn', 'Tallinn', 'Tallinn', 'Tallinn', 'Tallinn']","['Kogerman', 'the University of Tartu', 'Department of Chemistry', 'the Imperial College London', 'the University of London', 'Master of Sciences']",[],"['Kogerman', 'the University of Tartu', 'Department of Chemistry', 'the Imperial College London', 'the University of London', 'Master of Sciences']"
Wen-Tsuen Chen,"['May 27, 1948', 'From 2006 to 2010']","['Taiwan', 'Taiwan']","['the Academia Sinica', 'the Ministry of Education', 'the National Tsing Hua University']",[],"['the Academia Sinica', 'the Ministry of Education', 'the National Tsing Hua University']"
John Burton Cleland,"['22 June 1878', '1948']",[],['the University of Adelaide'],[],['the University of Adelaide']
Herbert Kroemer,"['August 25, 1928', '1952', '2000', '1968 to 1976', '1976', '1997', '2003', 'the 1950s', '1963', '1980', 'today']","['Santa Barbara', 'Germany', 'Germany', 'the United States']","['the University of California', 'the University of Göttingen', 'Kroemer', 'the University of Colorado', 'UCSB faculty', 'the National Academy of Engineering', 'the National Academy of Sciences', 'Thermal Physics', 'Quantum Mechanics for Engineering, Materials Science and Applied Physics']","['Nobel Prize', 'Nobel Prize']","['the University of California', 'the University of Göttingen', 'Kroemer', 'the University of Colorado', 'UCSB faculty', 'the National Academy of Engineering', 'the National Academy of Sciences', 'Thermal Physics', 'Quantum Mechanics for Engineering, Materials Science and Applied Physics']"
Keith O'Nions,"['26 September 1944', '1971 to 1975', '1979', '1995', '1999', '2000 to 2004', 'July 2008.On 1 January 2010', 'July 2010', '2013', '2004', '2005']","['Oxford', 'London']","['the Imperial College London', 'the Research Councils', 'the Physics and Chemistry of Minerals', 'the Department of Earth Sciences', 'the University of Oxford', 'the University of Nottingham', 'the University of Alberta', 'the University of Oslo', 'the University of Oxford', 'Columbia University', 'a Royal Society Research', 'the University of Cambridge', 'the Ministry of Defence', 'the Research Councils', 'Institute for Security Science and Technology', 'Imperial College', 'Rector of', 'Imperial College London', ""O'Nions"", 'Heriot-Watt University', 'the Royal Academy of Engineering', 'the Norwegian Academy of Science and Letters']",[],"['the Imperial College London', 'the Research Councils', 'the Physics and Chemistry of Minerals', 'the Department of Earth Sciences', 'the University of Oxford', 'the University of Nottingham', 'the University of Alberta', 'the University of Oslo', 'the University of Oxford', 'Columbia University', 'a Royal Society Research', 'the University of Cambridge', 'the Ministry of Defence', 'the Research Councils', 'Institute for Security Science and Technology', 'Imperial College', 'Rector of', 'Imperial College London', ""O'Nions"", 'Heriot-Watt University', 'the Royal Academy of Engineering', 'the Norwegian Academy of Science and Letters']"
Steven Weinberg,"['May 3, 1933', '1979', '1991', '2004', 'today']","['Austin', 'Britain']","['the Josey Regental Chair', 'the University of Texas', 'the Physics and Astronomy Departments', 'the US National Academy of Sciences', 'Royal Society', 'the American Philosophical Society', 'the American Academy of Arts and Sciences', 'The New York Review of Books', 'the U. S. Arms Control and Disarmament Agency', 'the Philosophical Society of Texas', 'the Board of Editors of', 'the Council of Scholars of the Library of Congress']","['Nobel Prize', 'National Medal', 'Franklin Medal']","['the Josey Regental Chair', 'the University of Texas', 'the Physics and Astronomy Departments', 'the US National Academy of Sciences', 'Royal Society', 'the American Philosophical Society', 'the American Academy of Arts and Sciences', 'The New York Review of Books', 'the U. S. Arms Control and Disarmament Agency', 'the Philosophical Society of Texas', 'the Board of Editors of', 'the Council of Scholars of the Library of Congress']"
David H. Auston,"['1940', '1940', '1969', '1987', '1994', '1999', '2003']","['Toronto', 'Canada', 'California', 'Santa Barbara', 'California']","['Auston', 'Auston', 'Engineering Physics and Electrical Engineering', 'the University of Toronto', 'the General Motors Defense Laboratory', 'PhD in Electrical Engineering', 'the University of California, Berkeley', 'Auston', 'Bell Labs', 'Auston', 'Columbia University', 'Professor of Electrical Engineering and Applied Physics', 'Rice University', 'Case Western Reserve University', 'the Kavli Foundation']",[],"['Auston', 'Auston', 'Engineering Physics and Electrical Engineering', 'the University of Toronto', 'the General Motors Defense Laboratory', 'PhD in Electrical Engineering', 'the University of California, Berkeley', 'Auston', 'Bell Labs', 'Auston', 'Columbia University', 'Professor of Electrical Engineering and Applied Physics', 'Rice University', 'Case Western Reserve University', 'the Kavli Foundation']"
Nigel Gilbert,['21 March 1950'],[],"['the Centre for Research in Social Simulation (University of Surrey', 'the Journal of Artificial Societies and Social Simulation']",[],"['the Centre for Research in Social Simulation (University of Surrey', 'the Journal of Artificial Societies and Social Simulation']"
Nick Jennings (computer scientist),['15 December 1966'],[],"['CB', 'FREng, FIEEE', 'FIET', 'Imperial College', 'Electrical and Electronic Engineering', 'the University of Southampton', 'the UK Government on National Security']",[],"['CB', 'FREng, FIEEE', 'FIET', 'Imperial College', 'Electrical and Electronic Engineering', 'the University of Southampton', 'the UK Government on National Security']"
Anthony William Thomas,"['5 November 1949', '1984', '1990', '1966', '1967', '1973', '1973', '1975', '1975 to 1976', 'From 1976 to 1982', '1983', '1983', 'February 1984', '1990', 'From 1991 to 1993', '2014']","['Adelaide', 'South Australia', 'Geneva', 'Vancouver']","['the University of Adelaide', 'Adelaide Boys High School', 'the South Australian Leaving Examinations', 'Mathematics, Physics and Chemistry', 'Flinders University', 'the University of British Columbia', 'Scientific', 'the European Organization for Nuclear Research', ""TRIUMF (Canada's"", 'National Laboratory for Particle and Nuclear Physics', 'Senior Research Scientist', 'the Chair of Physics', 'the University of Adelaide', 'the University of Adelaide', 'the Australian Institute of Physics']","['BHP Medal', 'Fellow at the University']","['the University of Adelaide', 'Adelaide Boys High School', 'the South Australian Leaving Examinations', 'Mathematics, Physics and Chemistry', 'Flinders University', 'the University of British Columbia', 'Scientific', 'the European Organization for Nuclear Research', ""TRIUMF (Canada's"", 'National Laboratory for Particle and Nuclear Physics', 'Senior Research Scientist', 'the Chair of Physics', 'the University of Adelaide', 'the University of Adelaide', 'the Australian Institute of Physics']"
Rakesh Jain,"['December, 2015', '2014-15', '2014', '2015', '2013']","['Belgium', 'India']","['Massachusetts General Hospital', 'the Harvard Medical School', 'the Massachusetts General Hospital', 'Jain', 'Clinical Medicine', 'Nature Reviews Cancer', 'the American Academy of Arts and Sciences', 'the US National Academies', 'the National Academy of Medicine', 'the National Academy of Engineering', 'the National Academy of Sciences', 'the American Society of Clinical Oncology', 'Jain', 'Duke University', 'IIT-Kanpur']",['National Medal'],"['Massachusetts General Hospital', 'the Harvard Medical School', 'the Massachusetts General Hospital', 'Jain', 'Clinical Medicine', 'Nature Reviews Cancer', 'the American Academy of Arts and Sciences', 'the US National Academies', 'the National Academy of Medicine', 'the National Academy of Engineering', 'the National Academy of Sciences', 'the American Society of Clinical Oncology', 'Jain', 'Duke University', 'IIT-Kanpur']"
David Jack (scientist),"['February 1924', '8 November 2011', '1978', '1987']",[],"['CBE', 'Glaxo']",[],"['CBE', 'Glaxo']"
Artur Ekert,['19 September 1961'],"['Wrocław', 'Poland']","['Quantum Physics', 'the Mathematical Institute', 'University of Oxford', 'the National University of Singapore', 'CQT', 'Quantum Technologies', 'quantum communication', 'quantum cryptography']",[],"['Quantum Physics', 'the Mathematical Institute', 'University of Oxford', 'the National University of Singapore', 'CQT', 'Quantum Technologies', 'quantum communication', 'quantum cryptography']"
Svante Janson,"['21 May 1955', '1994', '1987', '2010']",[],"['the Royal Swedish Academy of Sciences', 'Uppsala University', 'U-statistics']",[],"['the Royal Swedish Academy of Sciences', 'Uppsala University', 'U-statistics']"
